Sequence ID,Primer Rank,Primer Left Seq,Primer Right Seq,Primer Left Len,Primer Right Len,Primer Left TM,Primer Right TM,Primer Left GC %,Primer Right GC %,Primer3 Predicted Product,Dimers1_2F,Dimers2_1F,Dimers1_1F,Dimers2_2F,Dimers1_2R,Dimers2_1R,Dimers1_1R,Dimers2_2R
sample1_gene1_chr1:15000000__,0,TCCACATCTTTGCTCCAGTTGA,CTCTGATCTGCCAACCTTCCTC,22,22,59.894,60.420,45.455,54.545,317,False,False,False,False,False,False,False,False
sample1_gene1_chr1:15000000__,1,ACCTCCACATCTTTGCTCCAG,TCTCTCTGATCTGCCAACCTTC,21,22,59.996,59.501,52.381,50.000,323,False,False,False,False,False,False,False,False
sample1_gene1_chr1:15000000__,2,ACATCTTTGCTCCAGTTGAATGC,TTCCCTCTCTCTGATCTGCCAA,23,22,60.057,60.561,43.478,50.000,322,False,False,False,False,False,False,False,False
sample1_gene1_chr1:15000000__,3,CCCACCTCCACATCTTTGCTC,TCCTTCCCTCTCTCTGATCTGC,21,22,60.952,60.689,57.143,54.545,334,False,False,False,False,False,False,False,False
sample1_gene1_chr1:15000000__,4,AGTGTCAGCCTGTGGTAAGC,CTGATCTGCCAACCTTCCTCTAT,20,23,59.965,59.609,55.000,47.826,200,False,False,False,False,False,False,False,False
sample2_gene2_chr2:30000000__,0,CTCAAGTCAGTAATCTTCTACCTCA,TGGTTGGTAGTAATGTTCCATCT,25,23,57.602,57.228,40.000,39.130,254,False,False,False,False,False,False,False,False
sample3_gene3_chr3:45000000__,0,CGAGGTGGTGGAAATCTGTGAA,TGCAGCAAAGTTCTAACAGGTT,22,22,60.550,58.713,50.000,40.909,341,False,False,False,False,False,False,False,False
sample3_gene3_chr3:45000000__,1,CAGACAGAGCCCATGTTCAAAC,AGCAAAGTTCTAACAGGTTTCCC,22,23,59.773,59.110,50.000,43.478,245,False,False,False,False,False,False,False,False
sample3_gene3_chr3:45000000__,2,CATGTTTGAAGCGAGGTGGTG,TGTTGTTAGTGCAGCAAAGTTCT,21,23,60.069,59.306,52.381,39.130,361,False,False,False,False,False,False,False,False
sample3_gene3_chr3:45000000__,3,GGTGGAAATCTGTGAAGCAATCC,AGCAAAGCAAAGTGAAATTTCCA,23,23,60.119,58.231,47.826,34.783,270,False,False,False,False,False,False,False,False
sample3_gene3_chr3:45000000__,4,GAAGCGAGGTGGTGGAAATCT,GCAAAGCAAAGTGAAATTTCCATGA,21,25,60.339,59.763,52.381,36.000,279,False,False,False,False,False,False,False,False
