Chromosome,Position1,Position2,Sample_Pos,Sequence ID,PCR_Prod_Len,Forward,Reverse,Product GC%,ForwardPrimLen,ReversePrimLen
chr1,14999812,15000134,15000000,sample1_gene1_chr1:15000000__,323bp,ACCTCCACATCTTTGCTCCAG,TCTCTCTGATCTGCCAACCTTC,53.86996904024768,21,22
chr1,14999812,15000139,15000000,sample1_gene1_chr1:15000000__,328bp,ACCTCCACATCTTTGCTCCAG,TTCCCTCTCTCTGATCTGCCAA,53.963414634146346,21,22
chr1,14999812,15000129,15000000,sample1_gene1_chr1:15000000__,318bp,ACCTCCACATCTTTGCTCCAG,CTGATCTGCCAACCTTCCTCTAT,54.088050314465406,21,23
chr1,14999818,15000134,15000000,sample1_gene1_chr1:15000000__,317bp,ACATCTTTGCTCCAGTTGAATGC,TCTCTCTGATCTGCCAACCTTC,53.62776025236593,23,22
chr1,14999818,15000139,15000000,sample1_gene1_chr1:15000000__,322bp,ACATCTTTGCTCCAGTTGAATGC,TTCCCTCTCTCTGATCTGCCAA,53.72670807453416,23,22
chr1,14999818,15000129,15000000,sample1_gene1_chr1:15000000__,312bp,ACATCTTTGCTCCAGTTGAATGC,CTGATCTGCCAACCTTCCTCTAT,53.84615384615385,23,23
chr1,14999930,15000134,15000000,sample1_gene1_chr1:15000000__,205bp,AGTGTCAGCCTGTGGTAAGC,TCTCTCTGATCTGCCAACCTTC,49.26829268292683,20,22
chr1,14999930,15000139,15000000,sample1_gene1_chr1:15000000__,210bp,AGTGTCAGCCTGTGGTAAGC,TTCCCTCTCTCTGATCTGCCAA,49.523809523809526,20,22
chr1,14999930,15000129,15000000,sample1_gene1_chr1:15000000__,200bp,AGTGTCAGCCTGTGGTAAGC,CTGATCTGCCAACCTTCCTCTAT,49.5,20,23
chr1,14999812,15000134,15000000,sample1_gene1_chr1:15000000__,323bp,TCTCTCTGATCTGCCAACCTTC,ACCTCCACATCTTTGCTCCAG,53.86996904024768,22,21
chr1,14999818,15000134,15000000,sample1_gene1_chr1:15000000__,317bp,TCTCTCTGATCTGCCAACCTTC,ACATCTTTGCTCCAGTTGAATGC,53.62776025236593,22,23
chr1,14999930,15000134,15000000,sample1_gene1_chr1:15000000__,205bp,TCTCTCTGATCTGCCAACCTTC,AGTGTCAGCCTGTGGTAAGC,49.26829268292683,22,20
chr1,14999812,15000139,15000000,sample1_gene1_chr1:15000000__,328bp,TTCCCTCTCTCTGATCTGCCAA,ACCTCCACATCTTTGCTCCAG,53.963414634146346,22,21
chr1,14999818,15000139,15000000,sample1_gene1_chr1:15000000__,322bp,TTCCCTCTCTCTGATCTGCCAA,ACATCTTTGCTCCAGTTGAATGC,53.72670807453416,22,23
chr1,14999930,15000139,15000000,sample1_gene1_chr1:15000000__,210bp,TTCCCTCTCTCTGATCTGCCAA,AGTGTCAGCCTGTGGTAAGC,49.523809523809526,22,20
chr1,14999812,15000129,15000000,sample1_gene1_chr1:15000000__,318bp,CTGATCTGCCAACCTTCCTCTAT,ACCTCCACATCTTTGCTCCAG,54.088050314465406,23,21
chr1,14999818,15000129,15000000,sample1_gene1_chr1:15000000__,312bp,CTGATCTGCCAACCTTCCTCTAT,ACATCTTTGCTCCAGTTGAATGC,53.84615384615385,23,23
chr1,14999930,15000129,15000000,sample1_gene1_chr1:15000000__,200bp,CTGATCTGCCAACCTTCCTCTAT,AGTGTCAGCCTGTGGTAAGC,49.5,23,20
chr2,29999803,30000056,30000000,sample2_gene2_chr2:30000000__,254bp,CTCAAGTCAGTAATCTTCTACCTCA,TGGTTGGTAGTAATGTTCCATCT,28.346456692913385,25,23
chr2,29999803,30000056,30000000,sample2_gene2_chr2:30000000__,254bp,TGGTTGGTAGTAATGTTCCATCT,CTCAAGTCAGTAATCTTCTACCTCA,28.346456692913385,23,25
chr3,44999850,45000190,45000000,sample3_gene3_chr3:45000000__,341bp,CGAGGTGGTGGAAATCTGTGAA,TGCAGCAAAGTTCTAACAGGTT,39.29618768328446,22,22
chr3,44999850,45000187,45000000,sample3_gene3_chr3:45000000__,338bp,CGAGGTGGTGGAAATCTGTGAA,AGCAAAGTTCTAACAGGTTTCCC,39.053254437869825,22,23
chr3,44999943,45000190,45000000,sample3_gene3_chr3:45000000__,248bp,CAGACAGAGCCCATGTTCAAAC,TGCAGCAAAGTTCTAACAGGTT,38.70967741935484,22,22
chr3,44999943,45000187,45000000,sample3_gene3_chr3:45000000__,245bp,CAGACAGAGCCCATGTTCAAAC,AGCAAAGTTCTAACAGGTTTCCC,38.36734693877551,22,23
chr3,44999850,45000190,45000000,sample3_gene3_chr3:45000000__,341bp,TGCAGCAAAGTTCTAACAGGTT,CGAGGTGGTGGAAATCTGTGAA,39.29618768328446,22,22
chr3,44999943,45000190,45000000,sample3_gene3_chr3:45000000__,248bp,TGCAGCAAAGTTCTAACAGGTT,CAGACAGAGCCCATGTTCAAAC,38.70967741935484,22,22
chr3,44999850,45000187,45000000,sample3_gene3_chr3:45000000__,338bp,AGCAAAGTTCTAACAGGTTTCCC,CGAGGTGGTGGAAATCTGTGAA,39.053254437869825,23,22
chr3,44999943,45000187,45000000,sample3_gene3_chr3:45000000__,245bp,AGCAAAGTTCTAACAGGTTTCCC,CAGACAGAGCCCATGTTCAAAC,38.36734693877551,23,22
