Sequence ID,Primer Rank,Primer Left Seq,Primer Right Seq,Primer Left Len,Primer Right Len,Primer Left TM,Primer Right TM,Primer Left GC %,Primer Right GC %,Primer3 Predicted Product,Chromosome,Position1,Position2,Sample_Pos,PCR_Prod_Len,Forward,Reverse,Product GC%,ForwardPrimLen,ReversePrimLen
sample1_gene1_chr1:15000000__,0,TCCACATCTTTGCTCCAGTTGA,CTCTGATCTGCCAACCTTCCTC,22,22,59.894,60.42,45.455,54.545,317,chr1,14999815,15000131,15000000,317bp,TCCACATCTTTGCTCCAGTTGA,CTCTGATCTGCCAACCTTCCTC,53.94321766561514,22,22
sample1_gene1_chr1:15000000__,1,ACCTCCACATCTTTGCTCCAG,TCTCTCTGATCTGCCAACCTTC,21,22,59.996,59.501000000000005,52.381,50.0,323,chr1,14999812,15000134,15000000,323bp,ACCTCCACATCTTTGCTCCAG,TCTCTCTGATCTGCCAACCTTC,53.86996904024768,21,22
sample1_gene1_chr1:15000000__,2,ACATCTTTGCTCCAGTTGAATGC,TTCCCTCTCTCTGATCTGCCAA,23,22,60.056999999999995,60.56100000000001,43.478,50.0,322,chr1,14999818,15000139,15000000,322bp,ACATCTTTGCTCCAGTTGAATGC,TTCCCTCTCTCTGATCTGCCAA,53.72670807453416,23,22
sample1_gene1_chr1:15000000__,3,CCCACCTCCACATCTTTGCTC,TCCTTCCCTCTCTCTGATCTGC,21,22,60.952,60.68899999999999,57.143,54.545,334,chr1,14999809,15000142,15000000,334bp,CCCACCTCCACATCTTTGCTC,TCCTTCCCTCTCTCTGATCTGC,54.49101796407185,21,22
sample1_gene1_chr1:15000000__,4,AGTGTCAGCCTGTGGTAAGC,CTGATCTGCCAACCTTCCTCTAT,20,23,59.965,59.608999999999995,55.0,47.826,200,chr1,14999930,15000129,15000000,200bp,AGTGTCAGCCTGTGGTAAGC,CTGATCTGCCAACCTTCCTCTAT,49.5,20,23
sample2_gene2_chr2:30000000__,0,CTCAAGTCAGTAATCTTCTACCTCA,TGGTTGGTAGTAATGTTCCATCT,25,23,57.602,57.228,40.0,39.13,254,chr2,29999803,30000056,30000000,254bp,CTCAAGTCAGTAATCTTCTACCTCA,TGGTTGGTAGTAATGTTCCATCT,28.346456692913385,25,23
sample3_gene3_chr3:45000000__,0,CGAGGTGGTGGAAATCTGTGAA,TGCAGCAAAGTTCTAACAGGTT,22,22,60.55,58.713,50.0,40.909,341,chr3,44999850,45000190,45000000,341bp,CGAGGTGGTGGAAATCTGTGAA,TGCAGCAAAGTTCTAACAGGTT,39.29618768328446,22,22
sample3_gene3_chr3:45000000__,1,CAGACAGAGCCCATGTTCAAAC,AGCAAAGTTCTAACAGGTTTCCC,22,23,59.773,59.11,50.0,43.478,245,chr3,44999943,45000187,45000000,245bp,CAGACAGAGCCCATGTTCAAAC,AGCAAAGTTCTAACAGGTTTCCC,38.36734693877551,22,23
sample3_gene3_chr3:45000000__,2,CATGTTTGAAGCGAGGTGGTG,TGTTGTTAGTGCAGCAAAGTTCT,21,23,60.068999999999996,59.306000000000004,52.381,39.13,361,chr3,44999839,45000199,45000000,361bp,CATGTTTGAAGCGAGGTGGTG,TGTTGTTAGTGCAGCAAAGTTCT,39.05817174515235,21,23
sample3_gene3_chr3:45000000__,3,GGTGGAAATCTGTGAAGCAATCC,AGCAAAGCAAAGTGAAATTTCCA,23,23,60.119,58.231,47.826,34.783,270,chr3,44999856,45000125,45000000,270bp,GGTGGAAATCTGTGAAGCAATCC,AGCAAAGCAAAGTGAAATTTCCA,38.88888888888889,23,23
sample3_gene3_chr3:45000000__,4,GAAGCGAGGTGGTGGAAATCT,GCAAAGCAAAGTGAAATTTCCATGA,21,25,60.339,59.763000000000005,52.381,36.0,279,chr3,44999846,45000124,45000000,279bp,GAAGCGAGGTGGTGGAAATCT,GCAAAGCAAAGTGAAATTTCCATGA,39.784946236559136,21,25
